experiment_type,parameter,perturb_value,pixel_shift_mean_px,retention_near_pct,retention_mid_pct,retention_far_pct,retention_overall_pct,edge_alignment_score,inside_fov_pct
baseline,none,0.0,0.0,100.0,100.0,100.0,100.0,0.6571,16.05
rotation_yaw,yaw_deg,-2.0,30.69,78.06,58.71,31.32,61.51,0.6092,16.05
rotation_yaw,yaw_deg,-1.5,23.06,83.34,67.67,42.45,70.07,0.6179,16.04
rotation_yaw,yaw_deg,-1.0,15.41,88.94,78.24,59.73,80.58,0.6169,16.03
rotation_yaw,yaw_deg,-0.5,7.72,94.47,89.29,79.42,90.55,0.6342,16.03
rotation_yaw,yaw_deg,0.5,7.73,94.45,89.7,79.31,89.87,0.6449,16.05
rotation_yaw,yaw_deg,1.0,15.41,89.11,79.74,58.33,80.33,0.6352,16.04
rotation_yaw,yaw_deg,1.5,23.07,83.87,68.91,43.08,70.44,0.6269,16.03
rotation_yaw,yaw_deg,2.0,30.69,78.49,60.4,33.58,62.2,0.6232,16.02
rotation_pitch,pitch_deg,-1.5,19.7,84.98,75.31,54.47,75.88,0.6528,17.19
rotation_pitch,pitch_deg,-1.0,13.14,90.05,83.61,73.58,84.86,0.6593,16.82
rotation_pitch,pitch_deg,-0.5,6.58,95.33,89.93,87.65,92.25,0.6708,16.48
rotation_pitch,pitch_deg,0.5,6.58,95.55,85.87,68.62,88.58,0.6123,15.66
rotation_pitch,pitch_deg,1.0,13.15,91.61,73.09,53.13,78.85,0.5949,15.29
rotation_pitch,pitch_deg,1.5,19.71,87.32,61.18,37.68,70.11,0.5667,14.9
rotation_roll,roll_deg,-1.5,7.88,92.87,92.47,90.36,91.42,0.606,16.06
rotation_roll,roll_deg,-1.0,5.26,95.33,94.61,93.75,94.36,0.6209,16.03
rotation_roll,roll_deg,-0.5,2.64,97.69,96.97,97.82,97.37,0.6454,16.03
rotation_roll,roll_deg,0.5,2.64,97.71,97.04,95.53,97.31,0.6676,16.05
rotation_roll,roll_deg,1.0,5.26,95.68,93.7,86.5,94.1,0.6597,16.05
rotation_roll,roll_deg,1.5,7.88,94.03,91.44,81.91,92.19,0.6516,16.04
translation_x,tx_m,-0.2,5.33,93.25,95.44,96.38,93.99,0.6599,15.48
translation_x,tx_m,-0.1,2.71,96.38,97.69,98.95,96.95,0.6639,15.78
translation_x,tx_m,-0.05,1.37,98.26,98.75,99.41,98.48,0.6595,15.92
translation_x,tx_m,0.05,1.38,99.08,99.48,99.45,99.18,0.6561,16.21
translation_x,tx_m,0.1,2.74,98.16,99.06,99.01,98.32,0.6561,16.36
translation_x,tx_m,0.2,5.43,96.17,97.69,98.05,96.53,0.6474,16.67
translation_y,ty_m,-0.2,12.27,91.82,89.59,87.99,89.95,0.6328,16.03
translation_y,ty_m,-0.1,6.16,96.11,95.21,94.94,95.39,0.648,16.03
translation_y,ty_m,-0.05,3.09,98.09,97.69,97.82,97.75,0.655,16.03
translation_y,ty_m,0.05,3.09,97.86,97.63,97.29,97.56,0.6573,16.05
translation_y,ty_m,0.1,6.18,95.83,94.92,93.0,94.72,0.65,16.05
translation_y,ty_m,0.2,12.33,91.69,89.75,87.66,89.51,0.6359,16.06
translation_z,tz_m,-0.2,11.47,90.14,84.93,76.88,86.48,0.6216,14.86
translation_z,tz_m,-0.1,5.96,94.8,90.68,81.39,91.86,0.6343,15.43
translation_z,tz_m,-0.05,3.03,97.19,95.39,95.25,96.51,0.6512,15.72
translation_z,tz_m,0.05,3.1,99.04,98.29,99.34,98.88,0.6632,16.41
translation_z,tz_m,0.1,6.2,97.01,96.75,97.74,97.03,0.6591,16.77
translation_z,tz_m,0.2,12.4,92.97,90.19,91.96,91.64,0.6462,17.51
